C12_resid,C12_resname,occupancy,top_partner_1,partner1_occ,top_partner_2,partner2_occ
10,LYS,1.0,GLN387,1.0,LYS383,1.0
11,VAL,1.0,VAL384,1.0,LYS413,0.0
13,CYS,1.0,LEU388,1.0,VAL384,0.996003996003996
160,GLN,1.0,HIS368,1.0,SER372,1.0
213,ASN,1.0,ASN377,1.0,ILE373,1.0
41,LYS,1.0,GLN391,1.0,LEU388,1.0
159,ARG,1.0,LYS361,1.0,ASP365,1.0
211,HIS,1.0,ASP366,1.0,GLN370,0.9110889110889111
212,ILE,1.0,ILE373,1.0,LYS413,0.0
161,TYR,1.0,LYS376,1.0,ALA369,0.903096903096903
81,LYS,1.0,GLN379,1.0,ASN375,0.13186813186813187
94,ARG,1.0,GLU389,1.0,SER390,0.028971028971028972
90,PHE,1.0,LYS386,1.0,LYS413,0.0
97,PHE,1.0,SER393,0.999000999000999,GLU389,0.993006993006993
147,HIS,1.0,LYS383,1.0,GLN379,0.999000999000999
149,PRO,1.0,LYS383,1.0,LYS413,0.0
143,ASP,1.0,LYS383,1.0,GLN387,0.8921078921078921
145,ASN,1.0,LYS383,1.0,GLN387,1.0
27,ARG,1.0,LYS378,1.0,GLU382,1.0
26,LYS,1.0,ALA381,1.0,LYS378,0.7932067932067932
163,TRP,1.0,ASP366,1.0,VAL362,0.998001998001998
162,CYS,1.0,ALA369,1.0,ASP366,1.0
19,ILE,1.0,LEU392,1.0,LYS413,0.0
16,GLU,1.0,GLN391,1.0,ALA395,0.991008991008991
61,THR,1.0,ILE373,1.0,ASN377,0.4785214785214785
60,GLY,1.0,ASN377,1.0,ILE373,0.9920079920079921
17,THR,1.0,LEU392,1.0,LEU388,1.0
79,ASP,1.0,LYS383,1.0,LYS376,0.8961038961038961
77,ARG,1.0,LYS376,1.0,LYS383,1.0
101,GLU,1.0,SER393,1.0,GLU389,0.03196803196803197
78,LEU,1.0,LYS376,1.0,LYS413,0.0
144,GLN,0.999000999000999,GLN387,0.999000999000999,LYS386,0.000999000999000999
273,LYS,0.999000999000999,VAL384,0.999000999000999,SER380,0.1088911088911089
278,HIS,0.999000999000999,LEU388,0.993006993006993,SER385,0.5364635364635365
34,VAL,0.998001998001998,LEU388,0.996003996003996,SER385,0.6393606393606394
59,ASP,0.995004995004995,ASN377,0.995004995004995,LYS413,0.0
18,GLU,0.9820179820179821,LEU392,0.9820179820179821,LYS413,0.0
12,SER,0.964035964035964,VAL384,0.957042957042957,GLN387,0.20679320679320679
164,HIS,0.951048951048951,ILE373,0.951048951048951,ALA369,0.03596403596403597
148,THR,0.9430569430569431,LYS383,0.9430569430569431,LYS413,0.0
15,PHE,0.7842157842157842,LEU388,0.7842157842157842,LYS413,0.0
42,ASN,0.6043956043956044,ARG398,0.6043956043956044,LYS413,0.0
105,GLN,0.46253746253746253,SER397,0.46253746253746253,ASP400,0.000999000999000999
206,GLU,0.38461538461538464,ASN377,0.38461538461538464,LYS413,0.0
345,GLU,0.3156843156843157,LYS355,0.3156843156843157,LYS413,0.0
222,LYS,0.3046953046953047,GLU363,0.25374625374625376,GLN359,0.09290709290709291
32,TYR,0.25574425574425574,GLU389,0.22577422577422576,SER385,0.05194805194805195
30,GLN,0.23476523476523475,SER385,0.23476523476523475,LYS413,0.0
158,SER,0.17782217782217782,ASP365,0.17782217782217782,LYS361,0.05194805194805195
98,GLN,0.1108891108891109,GLU389,0.1108891108891109,LYS413,0.0
223,ARG,0.10589410589410589,GLN359,0.10589410589410589,LYS413,0.0
341,GLU,0.06693306693306693,LYS355,0.06693306693306693,LYS413,0.0
109,LYS,0.058941058941058944,GLU394,0.03796203796203796,SER390,0.02097902097902098
76,ALA,0.03996003996003996,LYS376,0.03996003996003996,LYS413,0.0
207,LEU,0.03896103896103896,ILE373,0.03896103896103896,LYS413,0.0
157,THR,0.005994005994005994,LYS361,0.005994005994005994,LYS413,0.0
93,TYR,0.004995004995004995,SER390,0.004995004995004995,LYS413,0.0
156,LYS,0.001998001998001998,LYS361,0.001998001998001998,LYS413,0.0
62,CYS,0.001998001998001998,LYS376,0.001998001998001998,LYS413,0.0
132,ASP,0.001998001998001998,LYS383,0.001998001998001998,LYS413,0.0
237,LEU,0.0,LYS413,0.0,GLY412,0.0
238,LEU,0.0,LYS413,0.0,GLY412,0.0
239,GLU,0.0,LYS413,0.0,GLY412,0.0
240,PRO,0.0,LYS413,0.0,GLY412,0.0
236,THR,0.0,LYS413,0.0,GLY412,0.0
242,GLU,0.0,LYS413,0.0,GLY412,0.0
243,VAL,0.0,LYS413,0.0,GLY412,0.0
244,SER,0.0,LYS413,0.0,GLY412,0.0
245,LEU,0.0,LYS413,0.0,GLY412,0.0
246,PRO,0.0,LYS413,0.0,GLY412,0.0
247,ALA,0.0,LYS413,0.0,GLY412,0.0
248,ILE,0.0,LYS413,0.0,GLY412,0.0
249,GLN,0.0,LYS413,0.0,GLY412,0.0
219,ILE,0.0,LYS413,0.0,GLY412,0.0
241,PRO,0.0,LYS413,0.0,GLY412,0.0
251,TRP,0.0,LYS413,0.0,GLY412,0.0
252,PHE,0.0,LYS413,0.0,GLY412,0.0
253,SER,0.0,LYS413,0.0,GLY412,0.0
254,THR,0.0,LYS413,0.0,GLY412,0.0
255,GLU,0.0,LYS413,0.0,GLY412,0.0
256,GLN,0.0,LYS413,0.0,GLY412,0.0
257,GLY,0.0,LYS413,0.0,GLY412,0.0
258,LEU,0.0,LYS413,0.0,GLY412,0.0
218,ASN,0.0,LYS413,0.0,GLY412,0.0
260,GLU,0.0,LYS413,0.0,GLY412,0.0
261,GLY,0.0,LYS413,0.0,GLY412,0.0
262,ILE,0.0,LYS413,0.0,GLY412,0.0
263,VAL,0.0,LYS413,0.0,GLY412,0.0
264,TRP,0.0,LYS413,0.0,GLY412,0.0
265,HIS,0.0,LYS413,0.0,GLY412,0.0
234,SER,0.0,LYS413,0.0,GLY412,0.0
235,ILE,0.0,LYS413,0.0,GLY412,0.0
259,VAL,0.0,LYS413,0.0,GLY412,0.0
210,THR,0.0,LYS413,0.0,GLY412,0.0
214,ALA,0.0,LYS413,0.0,GLY412,0.0
215,ASN,0.0,LYS413,0.0,GLY412,0.0
216,ALA,0.0,LYS413,0.0,GLY412,0.0
217,TYR,0.0,LYS413,0.0,GLY412,0.0
186,GLY,0.0,LYS413,0.0,GLY412,0.0
187,ALA,0.0,LYS413,0.0,GLY412,0.0
188,HIS,0.0,LYS413,0.0,GLY412,0.0
220,GLY,0.0,LYS413,0.0,GLY412,0.0
190,LEU,0.0,LYS413,0.0,GLY412,0.0
191,GLN,0.0,LYS413,0.0,GLY412,0.0
192,ILE,0.0,LYS413,0.0,GLY412,0.0
193,ARG,0.0,LYS413,0.0,GLY412,0.0
194,VAL,0.0,LYS413,0.0,GLY412,0.0
195,LEU,0.0,LYS413,0.0,GLY412,0.0
196,PRO,0.0,LYS413,0.0,GLY412,0.0
197,LEU,0.0,LYS413,0.0,GLY412,0.0
189,HIS,0.0,LYS413,0.0,GLY412,0.0
250,SER,0.0,LYS413,0.0,GLY412,0.0
221,SER,0.0,LYS413,0.0,GLY412,0.0
224,ASP,0.0,LYS413,0.0,GLY412,0.0
225,PRO,0.0,LYS413,0.0,GLY412,0.0
226,LEU,0.0,LYS413,0.0,GLY412,0.0
227,HIS,0.0,LYS413,0.0,GLY412,0.0
228,PHE,0.0,LYS413,0.0,GLY412,0.0
229,LEU,0.0,LYS413,0.0,GLY412,0.0
209,GLY,0.0,LYS413,0.0,GLY412,0.0
231,ILE,0.0,LYS413,0.0,GLY412,0.0
232,HIS,0.0,LYS413,0.0,GLY412,0.0
233,GLY,0.0,LYS413,0.0,GLY412,0.0
202,SER,0.0,LYS413,0.0,GLY412,0.0
203,HIS,0.0,LYS413,0.0,GLY412,0.0
204,THR,0.0,LYS413,0.0,GLY412,0.0
205,ALA,0.0,LYS413,0.0,GLY412,0.0
208,ILE,0.0,LYS413,0.0,GLY412,0.0
230,VAL,0.0,LYS413,0.0,GLY412,0.0
318,LYS,0.0,LYS413,0.0,GLY412,0.0
319,LEU,0.0,LYS413,0.0,GLY412,0.0
320,LYS,0.0,LYS413,0.0,GLY412,0.0
321,LYS,0.0,LYS413,0.0,GLY412,0.0
322,HIS,0.0,LYS413,0.0,GLY412,0.0
323,SER,0.0,LYS413,0.0,GLY412,0.0
324,ASN,0.0,LYS413,0.0,GLY412,0.0
325,ARG,0.0,LYS413,0.0,GLY412,0.0
281,LEU,0.0,LYS413,0.0,GLY412,0.0
327,CYS,0.0,LYS413,0.0,GLY412,0.0
328,ASP,0.0,LYS413,0.0,GLY412,0.0
329,SER,0.0,LYS413,0.0,GLY412,0.0
8,GLN,0.0,LYS413,0.0,GLY412,0.0
303,ASN,0.0,LYS413,0.0,GLY412,0.0
304,PHE,0.0,LYS413,0.0,GLY412,0.0
305,ASP,0.0,LYS413,0.0,GLY412,0.0
306,SER,0.0,LYS413,0.0,GLY412,0.0
326,THR,0.0,LYS413,0.0,GLY412,0.0
300,LEU,0.0,LYS413,0.0,GLY412,0.0
301,LEU,0.0,LYS413,0.0,GLY412,0.0
31,GLY,0.0,LYS413,0.0,GLY412,0.0
33,LYS,0.0,LYS413,0.0,GLY412,0.0
35,VAL,0.0,LYS413,0.0,GLY412,0.0
36,ALA,0.0,LYS413,0.0,GLY412,0.0
37,SER,0.0,LYS413,0.0,GLY412,0.0
38,ASP,0.0,LYS413,0.0,GLY412,0.0
333,LEU,0.0,LYS413,0.0,GLY412,0.0
40,LEU,0.0,LYS413,0.0,GLY412,0.0
314,PRO,0.0,LYS413,0.0,GLY412,0.0
315,VAL,0.0,LYS413,0.0,GLY412,0.0
316,PHE,0.0,LYS413,0.0,GLY412,0.0
317,LEU,0.0,LYS413,0.0,GLY412,0.0
5,GLY,0.0,LYS413,0.0,GLY412,0.0
6,LYS,0.0,LYS413,0.0,GLY412,0.0
332,ASP,0.0,LYS413,0.0,GLY412,0.0
39,VAL,0.0,LYS413,0.0,GLY412,0.0
295,LYS,0.0,LYS413,0.0,GLY412,0.0
296,LYS,0.0,LYS413,0.0,GLY412,0.0
297,VAL,0.0,LYS413,0.0,GLY412,0.0
266,CYS,0.0,LYS413,0.0,GLY412,0.0
267,SER,0.0,LYS413,0.0,GLY412,0.0
268,ASP,0.0,LYS413,0.0,GLY412,0.0
269,GLY,0.0,LYS413,0.0,GLY412,0.0
270,LYS,0.0,LYS413,0.0,GLY412,0.0
307,GLU,0.0,LYS413,0.0,GLY412,0.0
272,PHE,0.0,LYS413,0.0,GLY412,0.0
274,ILE,0.0,LYS413,0.0,GLY412,0.0
275,HIS,0.0,LYS413,0.0,GLY412,0.0
276,ARG,0.0,LYS413,0.0,GLY412,0.0
277,HIS,0.0,LYS413,0.0,GLY412,0.0
279,LEU,0.0,LYS413,0.0,GLY412,0.0
280,ASN,0.0,LYS413,0.0,GLY412,0.0
198,GLN,0.0,LYS413,0.0,GLY412,0.0
271,LEU,0.0,LYS413,0.0,GLY412,0.0
308,SER,0.0,LYS413,0.0,GLY412,0.0
309,GLU,0.0,LYS413,0.0,GLY412,0.0
310,ASP,0.0,LYS413,0.0,GLY412,0.0
311,ASP,0.0,LYS413,0.0,GLY412,0.0
312,VAL,0.0,LYS413,0.0,GLY412,0.0
313,ASN,0.0,LYS413,0.0,GLY412,0.0
282,PRO,0.0,LYS413,0.0,GLY412,0.0
283,TRP,0.0,LYS413,0.0,GLY412,0.0
294,ARG,0.0,LYS413,0.0,GLY412,0.0
285,LEU,0.0,LYS413,0.0,GLY412,0.0
286,LYS,0.0,LYS413,0.0,GLY412,0.0
287,ASP,0.0,LYS413,0.0,GLY412,0.0
288,VAL,0.0,LYS413,0.0,GLY412,0.0
289,THR,0.0,LYS413,0.0,GLY412,0.0
290,PRO,0.0,LYS413,0.0,GLY412,0.0
291,VAL,0.0,LYS413,0.0,GLY412,0.0
292,LEU,0.0,LYS413,0.0,GLY412,0.0
293,THR,0.0,LYS413,0.0,GLY412,0.0
284,PRO,0.0,LYS413,0.0,GLY412,0.0
75,TRP,0.0,LYS413,0.0,GLY412,0.0
63,VAL,0.0,LYS413,0.0,GLY412,0.0
64,PHE,0.0,LYS413,0.0,GLY412,0.0
65,ILE,0.0,LYS413,0.0,GLY412,0.0
66,ALA,0.0,LYS413,0.0,GLY412,0.0
67,GLU,0.0,LYS413,0.0,GLY412,0.0
68,PHE,0.0,LYS413,0.0,GLY412,0.0
200,VAL,0.0,LYS413,0.0,GLY412,0.0
70,GLY,0.0,LYS413,0.0,GLY412,0.0
71,ARG,0.0,LYS413,0.0,GLY412,0.0
72,PRO,0.0,LYS413,0.0,GLY412,0.0
73,TRP,0.0,LYS413,0.0,GLY412,0.0
43,THR,0.0,LYS413,0.0,GLY412,0.0
44,ALA,0.0,LYS413,0.0,GLY412,0.0
45,LEU,0.0,LYS413,0.0,GLY412,0.0
80,ARG,0.0,LYS413,0.0,GLY412,0.0
69,LYS,0.0,LYS413,0.0,GLY412,0.0
114,TRP,0.0,LYS413,0.0,GLY412,0.0
115,ASP,0.0,LYS413,0.0,GLY412,0.0
116,MET,0.0,LYS413,0.0,GLY412,0.0
117,GLU,0.0,LYS413,0.0,GLY412,0.0
118,LYS,0.0,LYS413,0.0,GLY412,0.0
119,ASP,0.0,LYS413,0.0,GLY412,0.0
120,PHE,0.0,LYS413,0.0,GLY412,0.0
121,LYS,0.0,LYS413,0.0,GLY412,0.0
74,LEU,0.0,LYS413,0.0,GLY412,0.0
92,GLN,0.0,LYS413,0.0,GLY412,0.0
95,SER,0.0,LYS413,0.0,GLY412,0.0
96,SER,0.0,LYS413,0.0,GLY412,0.0
99,LYS,0.0,LYS413,0.0,GLY412,0.0
100,TRP,0.0,LYS413,0.0,GLY412,0.0
102,GLN,0.0,LYS413,0.0,GLY412,0.0
103,SER,0.0,LYS413,0.0,GLY412,0.0
104,SER,0.0,LYS413,0.0,GLY412,0.0
91,LYS,0.0,LYS413,0.0,GLY412,0.0
3,LYS,0.0,LYS413,0.0,GLY412,0.0
4,CYS,0.0,LYS413,0.0,GLY412,0.0
334,ALA,0.0,LYS413,0.0,GLY412,0.0
335,GLN,0.0,LYS413,0.0,GLY412,0.0
336,LEU,0.0,LYS413,0.0,GLY412,0.0
337,LEU,0.0,LYS413,0.0,GLY412,0.0
338,GLU,0.0,LYS413,0.0,GLY412,0.0
339,LYS,0.0,LYS413,0.0,GLY412,0.0
82,PRO,0.0,LYS413,0.0,GLY412,0.0
342,ASN,0.0,LYS413,0.0,GLY412,0.0
343,LYS,0.0,LYS413,0.0,GLY412,0.0
344,ASN,0.0,LYS413,0.0,GLY412,0.0
9,GLN,0.0,LYS413,0.0,GLY412,0.0
7,VAL,0.0,LYS413,0.0,GLY412,0.0
299,ILE,0.0,LYS413,0.0,GLY412,0.0
298,GLU,0.0,LYS413,0.0,GLY412,0.0
331,VAL,0.0,LYS413,0.0,GLY412,0.0
340,GLY,0.0,LYS413,0.0,GLY412,0.0
83,ASN,0.0,LYS413,0.0,GLY412,0.0
84,LYS,0.0,LYS413,0.0,GLY412,0.0
85,ALA,0.0,LYS413,0.0,GLY412,0.0
86,GLY,0.0,LYS413,0.0,GLY412,0.0
87,ASP,0.0,LYS413,0.0,GLY412,0.0
88,LYS,0.0,LYS413,0.0,GLY412,0.0
89,ARG,0.0,LYS413,0.0,GLY412,0.0
58,LEU,0.0,LYS413,0.0,GLY412,0.0
2,ASP,0.0,LYS413,0.0,GLY412,0.0
20,LEU,0.0,LYS413,0.0,GLY412,0.0
21,ASN,0.0,LYS413,0.0,GLY412,0.0
22,GLU,0.0,LYS413,0.0,GLY412,0.0
23,PRO,0.0,LYS413,0.0,GLY412,0.0
24,SER,0.0,LYS413,0.0,GLY412,0.0
25,ASN,0.0,LYS413,0.0,GLY412,0.0
330,VAL,0.0,LYS413,0.0,GLY412,0.0
1,MET,0.0,LYS413,0.0,GLY412,0.0
14,VAL,0.0,LYS413,0.0,GLY412,0.0
185,SER,0.0,LYS413,0.0,GLY412,0.0
154,VAL,0.0,LYS413,0.0,GLY412,0.0
155,GLU,0.0,LYS413,0.0,GLY412,0.0
165,ALA,0.0,LYS413,0.0,GLY412,0.0
166,SER,0.0,LYS413,0.0,GLY412,0.0
167,ALA,0.0,LYS413,0.0,GLY412,0.0
168,VAL,0.0,LYS413,0.0,GLY412,0.0
169,ASP,0.0,LYS413,0.0,GLY412,0.0
113,GLU,0.0,LYS413,0.0,GLY412,0.0
139,HIS,0.0,LYS413,0.0,GLY412,0.0
140,PRO,0.0,LYS413,0.0,GLY412,0.0
141,GLN,0.0,LYS413,0.0,GLY412,0.0
46,LEU,0.0,LYS413,0.0,GLY412,0.0
47,SER,0.0,LYS413,0.0,GLY412,0.0
48,ASP,0.0,LYS413,0.0,GLY412,0.0
49,VAL,0.0,LYS413,0.0,GLY412,0.0
50,THR,0.0,LYS413,0.0,GLY412,0.0
138,GLY,0.0,LYS413,0.0,GLY412,0.0
199,SER,0.0,LYS413,0.0,GLY412,0.0
302,ASP,0.0,LYS413,0.0,GLY412,0.0
201,LEU,0.0,LYS413,0.0,GLY412,0.0
170,LEU,0.0,LYS413,0.0,GLY412,0.0
171,ASP,0.0,LYS413,0.0,GLY412,0.0
172,ARG,0.0,LYS413,0.0,GLY412,0.0
173,SER,0.0,LYS413,0.0,GLY412,0.0
174,LEU,0.0,LYS413,0.0,GLY412,0.0
184,VAL,0.0,LYS413,0.0,GLY412,0.0
176,LEU,0.0,LYS413,0.0,GLY412,0.0
177,PHE,0.0,LYS413,0.0,GLY412,0.0
178,MET,0.0,LYS413,0.0,GLY412,0.0
179,GLY,0.0,LYS413,0.0,GLY412,0.0
180,GLN,0.0,LYS413,0.0,GLY412,0.0
181,GLY,0.0,LYS413,0.0,GLY412,0.0
182,GLU,0.0,LYS413,0.0,GLY412,0.0
183,VAL,0.0,LYS413,0.0,GLY412,0.0
175,GLY,0.0,LYS413,0.0,GLY412,0.0
126,HIS,0.0,LYS413,0.0,GLY412,0.0
127,TRP,0.0,LYS413,0.0,GLY412,0.0
128,ILE,0.0,LYS413,0.0,GLY412,0.0
129,PRO,0.0,LYS413,0.0,GLY412,0.0
130,ALA,0.0,LYS413,0.0,GLY412,0.0
131,SER,0.0,LYS413,0.0,GLY412,0.0
133,VAL,0.0,LYS413,0.0,GLY412,0.0
134,PRO,0.0,LYS413,0.0,GLY412,0.0
51,ARG,0.0,LYS413,0.0,GLY412,0.0
136,VAL,0.0,LYS413,0.0,GLY412,0.0
137,ASN,0.0,LYS413,0.0,GLY412,0.0
106,ASP,0.0,LYS413,0.0,GLY412,0.0
107,LEU,0.0,LYS413,0.0,GLY412,0.0
108,PRO,0.0,LYS413,0.0,GLY412,0.0
110,PRO,0.0,LYS413,0.0,GLY412,0.0
111,SER,0.0,LYS413,0.0,GLY412,0.0
112,LEU,0.0,LYS413,0.0,GLY412,0.0
135,ILE,0.0,LYS413,0.0,GLY412,0.0
52,SER,0.0,LYS413,0.0,GLY412,0.0
53,ILE,0.0,LYS413,0.0,GLY412,0.0
54,ALA,0.0,LYS413,0.0,GLY412,0.0
55,THR,0.0,LYS413,0.0,GLY412,0.0
56,GLU,0.0,LYS413,0.0,GLY412,0.0
57,LYS,0.0,LYS413,0.0,GLY412,0.0
28,GLN,0.0,LYS413,0.0,GLY412,0.0
29,PHE,0.0,LYS413,0.0,GLY412,0.0
125,GLU,0.0,LYS413,0.0,GLY412,0.0
146,GLY,0.0,LYS413,0.0,GLY412,0.0
150,GLY,0.0,LYS413,0.0,GLY412,0.0
151,TRP,0.0,LYS413,0.0,GLY412,0.0
152,VAL,0.0,LYS413,0.0,GLY412,0.0
153,PRO,0.0,LYS413,0.0,GLY412,0.0
122,GLN,0.0,LYS413,0.0,GLY412,0.0
123,VAL,0.0,LYS413,0.0,GLY412,0.0
124,PRO,0.0,LYS413,0.0,GLY412,0.0
142,PRO,0.0,LYS413,0.0,GLY412,0.0
