taxon	file	size_bytes	sha256
Branchiostoma	md.tpr	8034124	55e0e2e0ec31b693afc829dc076be6bb641afac69aa93a57dd2cb000cd2de865
Branchiostoma	md.xtc	1012242872	d107c41195355759166d57e56677e4d27b0deeafcf37b0b4c29b32c811599bf2
Branchiostoma	myht.fa	103	8ebe5f6d492f14ddf6143a45c259f93fefae29704d39df0dca45dc3ea622decf
Branchiostoma	myht.out	2003	1b76a060d42d64b4ea8be24534237e4c7504afcaabe043cf8647684cd9fcbf4a
Ciona	md.tpr	6766556	c98dca063b35b7a8491bd7940a9aeabb91702100dda0f4d2017079abdc2bf435
Ciona	md.xtc	809178308	8f0439c36f11dadc3ed64f5a0b3220b4eed66421d604b39f6e1d631ff16b1f76
Ciona	myht.fa	99	48703b55bdfa9eca6068373ac7665708f2f4d2a4bb76dd5a101fb009ea83c4db
Ciona	myht.out	1977	cf25e15a56148592a1ea8f2340b1695a99effb7b8042fda1fa36ef4cfde21a7a
Clytia	md.tpr	5581520	9509bcd39f6a7d2d143c2aff284ddb96f414125ae9003a88887bb4c29b9400b5
Clytia	md.xtc	633722392	4518d4f4f635e8f560915fd4f286df4a5f8fdbf4cc539f289d53331aa72fa9b1
Clytia	myht.fa	82	4612ab63c950d6c71e9e79feb18c1687fa65c0d373f31cbf5ef98f3165202813
Clytia	myht.out	1561	9b2e0a47ebd90ed638e062ae5a24b69fd633bf41aa141de4b5d8c02faec5f02c
Eisenia	md.tpr	4282304	3c8f3487cc8371777295a085ab6465321b696b2b4b677a586cc6d02356f7515e
Eisenia	md.xtc	449110208	f95ce4c0575e6fb571a418040786868753c35fbb26800f3335bf3b7f2014569a
Eisenia	myht.fa	71	d6ef35eb4371b5794a7c0e0f850d42e548114a8f73c97646f674747928c5ee66
Eisenia	myht.out	1405	ca67a9892e57e2669af81b849ea6a3ac79d310599ef6d816112b03b06622a371
Euglena	md.tpr	6163268	794cb69c33c6d7987a75fec294cefb812f0c4cf323c6c7c6acd8b534ca307358
Euglena	md.xtc	754630032	ea7a68736bb57f73f8898d007f7a7547c934ec424538062ffa2a9eaf3de3f0d0
Euglena	myht.fa	86	a10fad805aa305b99161c75ccc52919947e9c3afcb6c5c1f88354be245e51005
Euglena	myht.out	1795	3cf2d74f45cc9ba5ce8cd386d5a87d0edcff3fa5c3ba12ca0c34db7d88769a69
Euperipatoides	md.tpr	7673480	697b7818fe128bf6b6b1fba744114babdca802f65c987f7fddb2aabde12b8b9f
Euperipatoides	md.xtc	951140804	120a2e326cd77d400d0104bc61568d352a4df3374c5c3d79b0125626560510b1
Euperipatoides	myht.fa	103	7be613a5bc208b1f6b4206ae6eb54f84bae6a21fd1df21091a19ac1de5dc4034
Euperipatoides	myht.out	2003	e555b7486dec2f98333301e77ee44ec5a0a9162affbf968346aba4beb2aa33aa
Eutreptiella	md.tpr	6040924	ac6ee21d22e4e79605d5ecf07c7a31800933446e250054279cd8f4e2425ab8dc
Eutreptiella	md.xtc	736983092	47fe3a9ffe4180e27948d729a47f8c2523469494b4a061295780474a0b087f1e
Eutreptiella	myht.fa	97	6ac8d367e756484d8c0bf32681b239aac2e24e16a208b1a75de4d22226221da3
Eutreptiella	myht.out	1821	400cee0d92b116abd49e82aff670aa8f88d0e80925818fa1c12fdba5b2d08732
Hahella	md.tpr	2633376	5973c3c3f5399801e5c5e8d0f43a20992286ab98be07e0e1edc85e5db654c0f5
Hahella	md.xtc	260581832	95acfe1fa079373a8f33dc0c5f2a9ea0b9c9d68108d69a205b1175821375790a
Hahella	myht.fa	62	4422c37f6001846bef6b0fa57501e172a79ad7e46465fd467f7980a4410dd3b5
Hahella	myht.out	1067	a22934916701fd725fe6fa57ed48e8563c978622e4990c77c340f05017a91078
Haliotis	md.tpr	6060088	0dc2080e191d693e33d6c9e4248c4901fd3aeaedada4c5311b7926acbc0b216a
Haliotis	md.xtc	703634592	c0ca51cc16dac365a6cee24e4ef8a543d04f133af747b0b0aad7831a06a2f86d
Haliotis	myht.fa	86	40d617c47712e767eb81798e12412ed64e0742a82d006114a0cc9d4c10acbb12
Haliotis	myht.out	1717	122237b7c9e9d6fde11c05a96592ee356e4fd1a24ffc4e6c5075f73c64be982a
Homo	md.tpr	7508752	0c225a6227f452da08d57e9017c3d7f4c2b9461fb3b8047675846d768eee0632
Homo	md.xtc	931168516	c35802cc0835f227c7fdba6d7d2a7a881e1da70ff4216d760fcadc2e85a6622a
Homo	myht.fa	94	3f76e32671a018b3077accbc6cb78c03fa05406f60449ecff2c66d6ebf482c6e
Homo	myht.out	2055	0a679ddd9d807b81bf7770696fdd2155eb2c46c50a274ed53d7503d9cff8d6fc
Ischnura	md.tpr	5804036	5245fdca5db93ddd8be8264a53b40df5ed74910d006b05e4b7053930a350ad05
Ischnura	md.xtc	734890892	53fc4a3332413d4f0b13d637a10c993bcf8da25306076279cd0a0c93679251f0
Ischnura	myht.fa	90	dd82e506e9a3496072b670e12bfda9cda5c3d786f1ccb6314410d497cf33b4a3
Ischnura	myht.out	1821	c6b9133f2149c51b289255fcbc2cbd13169cddf80626137420e0988f4aa5a177
Lamellibrachia	md.tpr	7542188	2f34ea149b69b4944336770ec36ff0288f4472cc9965113e709cb3589b73b81d
Lamellibrachia	md.xtc	936555848	34957acc153ccdfcc412ded1323fbe1158b603fc73dbefd0e1d84aaa2bd685d3
Lamellibrachia	myht.fa	100	00ea041b161fa905f329ea034a77b6ddc372760f42a9f5dd6699335b2f9c6152
Lamellibrachia	myht.out	1925	7d0295c1fe25aede4e04bb0720fe047dcc0ec23af0cc74c24612c6cc51369c41
Lampetra	md.tpr	4219252	655761ad7c25f077be5ed56b78e4fe3b42345473954851a5db72c75ef8d258a2
Lampetra	md.xtc	448924000	6dbbda51d89cb9c766eaab2f5f966b3f48a7a92e6791b0750d577e3fe5943432
Lampetra	myht.fa	74	f32a45ecb055d77cbe58f7b0c4534ce25e78e4d69fda94eb67fe63f410762c13
Lampetra	myht.out	1431	59cc6ae7cde0e71e2d5cbf38d72fc942517c5e512323ed0af193d678cd10121f
Lingula	md.tpr	7988964	abe4b3767b54899a28f19e3f5c44947177aec4f1f9bef506ba9f1b99b1ce1b70
Lingula	md.xtc	1005776608	c1ca0c5df32a31547bbeafdb675427d79150f61e20c1d76b3c762bdf7ddacc54
Lingula	myht.fa	99	547541039adafed7287f7631483783ea41407ae817375bbbd0b26127e00e5c66
Lingula	myht.out	2081	df65183835217e189e056497a44924b6721e2f738741445b3395e1c563881eb6
Lithobius	md.tpr	7502404	1e4cd87f2246238d43cebc84954b4e411ec3e557f9243be85e1058331f9b6598
Lithobius	md.xtc	930627244	775f642c170a6bc82ef51486f57fe4bb228d92a71d8479757ef8663af393bdb1
Lithobius	myht.fa	98	3b024f94f68cc2106ad30d323b77234e8520b1a48bcd9f5a61ebca0a57aee58d
Lithobius	myht.out	1925	ecc2aa71599b4318572752175bfa6520420bf06f0f4c6643ce2b24425e85738f
Magallana	md.tpr	5632540	50a7ec1738b47055e52e48344d7122b3f33a0ed4fa854c318e2471856fe3367b
Magallana	md.xtc	630291216	ee30d621b388efc4a79514508219a3491ce48b126f9565b77fcf392220c64419
Magallana	myht.fa	90	a94aced88ab52ba4494d1994bcc26e2aff3a0a6621a53cf53c35969e4f3ffa75
Magallana	myht.out	1795	a30c5567042992968ca4567a8570500e2722976935c4d870c57fb9088c951a68
Mus	md.tpr	4520012	e9dd5753c2e99c291a47f59d60bb9c9121886d01dcc147fdbde43b59831b8468
Mus	md.xtc	474975488	f18024022d0797cdd7dad8cb83042df058af94fd59b154097a79b6f317488e40
Mus	myht.fa	72	03b4152ae0d701a6c7f24dce4762acac9fb8c273f0187ab3be79b950c1bb93c2
Mus	myht.out	1483	9df647212b985863d9149e79aac5efde046f59b3530f24d8902fcf78a9eb0e59
Myxine	md.tpr	4798288	027743775c04e364237e05ec81b79bca6d248afdf90cf097ef1a4b284b227559
Myxine	md.xtc	529360808	136ebbb69889b97565f7b403c6d9b7ab896483813ae083183f6e23ddaabb4b98
Myxine	myht.fa	80	4cbf57a3daae943f88addfff97b954c734477ebe8677e1f01fd6da102eee3f8b
Myxine	myht.out	1587	817e17a6d3cfb1996d4232fa72f1d2ddcbc58721fa14b2fad8363275c612405a
Naegleria	md.tpr	6084108	5f8ea52d40cad4b187bcceb9710d6de3401e60a55f120ad30f19dd705e1917cf
Naegleria	md.xtc	697797340	d058ba3e9109cf0e7b00706d75ee6d7fb14d18f9592191b44b4e54cac8f408d1
Naegleria	myht.fa	95	b5a6e77ec1c4f010dcf3d2af3b3013553b3a8ed99e855482ab1d376288b7c7ab
Naegleria	myht.out	1821	3f1e7155d3bf4cc9f982c2f3ec5e93bd99d159c460674317b66f1b367146eee4
Octopus	md.tpr	5163956	924dd6d1e4dff147c0aff4d8ef06646a3423241353d4d8746ed6a256dd2af890
Octopus	md.xtc	566255016	df371e9158e0c9a27ef294ddabdb8c315390421064d0ac141996d1867b174375
Octopus	myht.fa	82	14a1a20ffa7bcf46b2d768b74cd15aaa8ddedaa347cbfb2a2833ee0730035da2
Octopus	myht.out	1613	a530a0899e4d718f3c55edd0584c77ae15de175c1046c192fc0ed5b6416c3f68
Ovis	md.tpr	7203492	384b21ba95fbaa07861b0bf575542d8735b18557c2e1ac40fa586d4af22ead5d
Ovis	md.xtc	875754188	9c7609c3fc7e754067208993a30ff4fdd899588ccdc7fc93f847b21593ad4187
Ovis	myht.fa	90	aafd4da75a20d8f8a988b05df95f5cc812379599673a6387ad012f399d2668f0
Ovis	myht.out	1977	c2efbb5978f05f5fdc0ba3eb84bcab99ca9a4b6998e2925a575fa29a3613b3b6
Phoronis	md.tpr	6035768	854466227a2f6516a7085d096bf8be0a3bb1232f0902d749a82368e20c3b5b38
Phoronis	md.xtc	707526300	b3e4ee601e96877c902fbe74c21701d0bfc98c6adb4311924e73770967d0d97d
Phoronis	myht.fa	91	fb5f24a12074d846a43f7a4490ccf2f2bff3c92e3e9e7017ce619a3e1e349501
Phoronis	myht.out	1795	aeb64cfcd0db3fdc5789950ba233caff2dccae85f1b3d75c9a071cef4bbf2341
Podocoryna	md.tpr	7486120	2927381fc1418981633c1679336e5804344727a4a4d82bc5535d0d080997c06c
Podocoryna	md.xtc	929721632	cd04f8b495e0fdd431a9ae2457cfac5d5dbabd130eb7ae1077be6f006110ccfb
Podocoryna	myht.fa	98	226361a7eaba69fcad19bacfabba2472d1497f99c23b62a51698339bb435771d
Podocoryna	myht.out	2003	de2ecd281525c8c17cbdcb48ebb1409a13dc7bddad2c4e74ffe4ecce267e06b4
Saccoglossus	md.tpr	8121980	36872fc07d94802680567a7c6ba3c57f2421a2ee4a241522ed0a49f87fe73685
Saccoglossus	md.xtc	1030475880	ee0e3ccf3adb6835ceac878eadf0afa5a383c9d5f87a2f0bf57e4138434d1140
Saccoglossus	myht.fa	106	2b655317227f4887be5372886b69859e793ebc66c24bf55f946546f788334c60
Saccoglossus	myht.out	2029	fb22b31336fae6562e3cb29c51a9528bbcc47615230eb0b966930acc3049759d
Salpa	md.tpr	7571176	b2dc6b64b753fe36e88417e011b5a761430475b5ad517b3e0cae03fceea3736b
Salpa	md.xtc	933951860	0cae37d521d64a251907c0dee4e83b5da444476b12f632a4236148677f71e457
Salpa	myht.fa	94	32d0b4e8cbbcca1a3792f2feac73b77b279f324759854aa4b1083c92b22f6068
Salpa	myht.out	1951	7d6628f63e854943cb55f860c25ca55723086c409e167c3ce451c56ce2dd90dc
Willaertia	md.tpr	5086248	19a08ad9fe03343bc8fd277e14afba80aabddc31e5b1369b22aa3f50277f5491
Willaertia	md.xtc	566580588	302e80b0af67f5e4abaf3d0e40391a5ab307305f06f4494aaf1fb5ab1c91bb08
Willaertia	myht.fa	82	df1cfaea1965b46933daeadfab09f797195fffe3212d6c45dcb37ac9342c0edc
Willaertia	myht.out	1613	e951a00d452df67820def94127bdef93e8375dd0d26d97863ab685c05f3c1318
